date,temp,pH,DO,BOD,COD,SS,EC,TN,DTN,NO3,NH3,TP,DTP,PO4,Chla,TOC,TC,FC,w,Irrad,cell
2013-01-07,1.7,7.8,15.6,1.2,3,14.9,230,3.621,3.304,2.725,0.25,0.055,0.034,0.027,2.3,2.1,5,0,1.1,8.2,0.001
2013-01-14,1.7,8,15.3,0.7,3.2,1.7,298,3.659,3.399,3.154,0.067,0.021,0.011,0.004,1.7,2,0,0,1.2,7.7,0.001
2013-01-28,3.4,8.2,15.4,2.3,5.8,5.1,387,4.199,3.807,3.53,0.101,0.031,0.009,0.003,20.5,3.6,3,1,1,8.8,0.001
2013-02-04,4.6,7.7,14.5,1.3,5.7,8.6,381,4.67,3.996,3.393,0.257,0.05,0.017,0.003,20.7,3.4,153,41,1.5,5,0.001
2013-02-12,2.5,7.7,14.9,1.8,4.5,5.4,344,4.214,3.922,3.136,0.254,0.045,0.015,0.003,21.1,3.1,4,1,0.8,0.5,0.001
2013-02-18,3.6,8.1,15.9,2.6,5.4,10,316,3.905,3.309,2.975,0.073,0.041,0.015,0,43.6,3.4,2,0,0.5,0.4,0.001
2013-02-25,7.3,8.4,15,2.3,5,6.9,282,3.47,2.99,2.68,0.06,0.033,0.011,0,29.8,3.1,1,0,1.2,8.8,0.001
2013-03-04,6.9,8.6,16.4,3.7,6.4,11.2,311,4.111,3.477,3.031,0.036,0.048,0.011,0,57.1,4.2,1,0,1.4,8.8,0.001
2013-03-11,9.1,8.7,15.7,3.6,8.7,25.1,411,4.939,3.871,3.708,0.085,0.066,0.014,0,67.1,4.5,5,0,1.2,10.8,0.001
2013-03-18,12,8.8,15.4,4.1,8.9,16.9,373,4.126,3.559,3.237,0.019,0.058,0.012,0,96.2,4.7,73,7,1.8,7.7,0.001
2013-03-25,11.9,8.6,13.6,4.4,8.3,18.9,293,4.122,3.575,3.157,0.032,0.077,0.017,0.003,76.2,4.3,34,3,1.6,11.3,68
2013-04-01,12.6,9,13.5,3.6,7.4,21,304,3.617,3.112,2.931,0.029,0.078,0.024,0,58.1,4.2,3,0,1.1,8.6,0.001
2013-04-08,14.6,8.8,13.2,3.5,7.3,13.6,361,3.857,3.237,3.09,0.021,0.062,0.015,0,50.4,4,29,2,1.6,10.9,0.001
2013-04-15,15.2,8.2,12.5,3.3,5.5,7,324,3.357,3,2.46,0.046,0.043,0.013,0.003,26.7,3.4,6,1,1.5,6.1,0.001
2013-04-22,15.8,8.2,11,2.1,5.6,3,330,3.259,2.988,2.628,0.059,0.045,0.02,0,12.8,3.5,10,2,1.6,11.6,160
2013-04-29,15.1,8.3,11.5,3.4,6.5,28.2,333,3.534,3.101,2.52,0.033,0.081,0.018,0,29.6,3.5,115,5,1.8,0,288
2013-05-06,20.1,8.7,11,3.8,6.2,8.6,339,3.707,3.025,2.538,0.041,0.08,0.025,0.003,18.4,3.8,17,0,1.3,12.1,0.001
2013-05-13,24.5,8.6,10,2.6,5.3,4.4,345,3.111,2.971,2.358,0.036,0.051,0.018,0.003,8.6,3.7,7,0,1.5,11.8,0.001
2013-05-20,23,8.5,9.6,1.5,4.9,7.2,364,3.594,3.063,2.397,0.08,0.052,0.027,0.01,2.8,3.7,13,1,1.9,11.4,0.001
2013-05-27,23.2,8.4,9.1,2.4,6.8,9.2,383,3.135,2.816,2.27,0.024,0.043,0.017,0,16,4,13,2,1,0,44
2013-06-03,24.5,7.7,8.5,1,5,3.2,287,2.655,2.447,1.766,0.251,0.046,0.028,0.008,8.9,3.3,22,7,1.1,12.2,0.001
2013-06-10,25.3,8,8,1.9,4.9,4.6,310,2.239,2.076,1.676,0.118,0.035,0.019,0.007,7.7,3.8,148,75,2,3.2,0.001
2013-06-17,27.2,8.2,9.3,2.5,6.3,4.8,308,2.521,1.936,1.549,0.042,0.048,0.019,0,20.3,3.8,10,3,1.6,10.8,68
2013-06-24,25.4,7.5,8.5,3.2,6.5,19.6,197,2.48,2.182,1.645,0.204,0.1,0.051,0.036,13,4.3,183,96,1.1,6.9,0.001
2013-07-01,27.5,7.9,8.6,2.2,7.7,15,206,2.594,2.161,1.898,0.071,0.108,0.064,0.04,11.7,4.5,7,4,1.4,5.8,0.001
2013-07-08,26.2,7.6,7.5,2.3,7.5,47.8,202,3.263,2.969,2.28,0.221,0.163,0.105,0.082,9,4.8,1005,365,3.4,4.3,0.001
2013-07-15,29.3,8.8,9.3,4.4,7.6,9.4,203,3.16,2.674,1.805,0.056,0.137,0.052,0.034,35.5,4.9,14,7,1.9,5.4,336
2013-07-22,29.7,8.9,9.7,2.6,8,18.4,220,2.575,2.283,1.738,0.03,0.087,0.023,0.007,52.1,5,32,9,1.9,5.8,2024
2013-07-29,30.1,8.6,9.5,3.2,9.1,17.4,247,2.823,2.327,1.857,0.02,0.103,0.033,0.018,46.4,5.7,29,21,1.5,2.5,18672
2013-08-05,29.4,7.5,8.4,2.5,7.5,26.6,212,2.396,2.095,1.578,0.058,0.115,0.038,0.027,33.2,4.7,123,69,1.5,6.3,17352
2013-08-12,32.2,9.1,10.9,3.7,7.6,8.6,248,2.403,1.951,1.377,0.051,0.082,0.022,0.003,35.8,4.9,2,0,1.1,11.2,8368
2013-08-19,33.2,9,10,3.2,7.3,8.4,242,1.918,1.499,1.036,0.05,0.052,0.009,0,32,4.9,5,0,1.4,9.9,11836
2013-08-26,28.9,7.7,7.7,3.3,7.8,9.8,312,2.999,2.631,1.939,0.17,0.139,0.081,0.067,31.7,5.3,30,7,0.9,5.9,8048
2013-09-02,29.3,8.5,9.4,2.7,7.2,7.4,264,2.757,2.227,1.613,0.023,0.092,0.042,0.025,41,5,5,1,1.1,8.1,8812
2013-09-09,26.8,7.7,7.8,1.7,6.6,8.2,294,2.638,2.416,1.83,0.041,0.078,0.062,0.043,20.8,4.8,11,2,0.8,8.2,10588
2013-09-16,28,9.1,11.6,2.8,8.1,14,376,2.674,2.611,2.102,0.009,0.086,0.027,0,62.3,6.1,263,63,0.8,11.1,15732
2013-09-23,26.9,9.2,10.7,2.6,7.5,10.6,268,1.99,1.6,1.143,0.037,0.06,0.019,0,58.2,4.1,32,13,1,10.7,22616
2013-09-30,25.2,8.6,9,2.8,7.5,15.4,310,2.377,1.964,1.454,0.066,0.093,0.024,0.007,59.7,4.5,950,67,1.1,5.1,18520
2013-10-07,24.4,8.5,9.8,1.3,5,4.6,276,1.907,1.741,1.36,0.038,0.041,0.021,0.003,20.3,3.2,20,6,1.5,1.5,212
2013-10-14,23,7.9,10.8,4.1,7.1,9.2,276,3.152,2.844,2.22,0.081,0.14,0.082,0.051,49.9,4.5,985,71,0.7,8,768
2013-10-21,20.4,8.7,12.1,2.7,7.8,11,272,3.193,2.742,2.27,0.02,0.102,0.033,0.015,62.7,5,42,7,1.2,5.9,748
2013-10-28,20.5,9.1,11.9,2,7.1,8,299,2.699,2.472,2.023,0.013,0.043,0.015,0.003,36.3,4.4,11,0,0.8,5.7,3340
2013-11-04,18,8.6,10,1.7,6.3,9.4,348,2.958,2.829,2.261,0.091,0.105,0.035,0.014,9.2,4.2,11,0,1.2,6.6,570
2013-11-11,14.3,7.9,8.9,1.5,5.9,14.4,397,3.346,3.137,2.489,0.166,0.079,0.05,0.029,13.1,3.6,21,2,1.2,8.9,90
2013-11-18,12.7,8,9.7,1.1,6.1,12.6,417,3.81,3.609,2.851,0.181,0.068,0.042,0.024,16.3,3.7,82,23,1.8,2.7,66
2013-11-25,11.6,7.6,10.2,0.9,5.4,9.4,477,4.634,4.263,3.561,0.17,0.068,0.041,0.022,8.3,3.8,34,9,3.3,2.8,0.001
2013-12-02,10.3,8,10.7,1.1,5.8,7,445,4.064,3.977,3.276,0.191,0.063,0.043,0.024,10,3.6,413,31,0.6,7.7,1455
2013-12-09,7.7,7.6,11.3,1.6,5.4,6.4,500,4.628,4.404,3.737,0.137,0.058,0.038,0.016,10.4,3.5,44,8,0.8,0,80
2013-12-16,5.9,8.2,12.8,2.4,6.4,5.6,487,4.366,4.043,3.348,0.067,0.059,0.026,0,31.2,4,15,2,0.4,0,0.001
2013-12-23,6.2,7.9,13,1.2,5.2,3.2,484,4.112,3.939,3.397,0.043,0.042,0.023,0,19.9,3.7,5,1,0.9,8,705
2014-01-06,5.8,8.6,13.9,2.7,6.5,7,480,4.525,4.171,3.523,0.034,0.048,0.019,0,34.3,4.2,4,0,0.7,8.2,1030
2014-01-13,3.6,7.9,13.5,2.4,5.9,5.2,472,4.418,4.011,3.369,0.031,0.037,0.018,0,23.3,3.8,6,0,1.3,8.3,38
2014-02-03,6.5,8.3,15.2,2.2,6.7,7.2,533,5.19,4.857,4.092,0.04,0.038,0.021,0,41.2,3.5,2,0,1.7,2.7,0.001
2014-02-10,4.5,8.1,14.3,2.4,6.6,7.4,549,5.14,4.793,4.101,0.019,0.059,0.018,0,45.5,3.7,4,2,3.3,0.1,0.001
2014-02-17,5.6,7.9,14.3,2.2,7,6.8,632,5.688,5.185,4.535,0.021,0.041,0.017,0,45.6,4,6,0,1.7,1.1,0.001
2014-02-24,7.5,8,14.8,3.5,7.3,7.6,629,5.73,5.359,4.525,0.022,0.053,0.029,0,46.8,4.3,21,3,0.9,8.2,0.001
2014-03-03,8.7,8.2,15.1,3.2,7.3,7.6,606,5.629,5.199,4.35,0.022,0.041,0.019,0,40.3,4.2,52,5,1.1,10.4,0.001
2014-03-10,8.4,8.1,14.2,3.2,7.5,7,610,5.615,5.183,4.487,0.038,0.046,0.021,0,37.1,4.3,5,2,1.4,10.8,0.001
2014-03-17,11.8,8,13,3.5,8.3,11.8,656,5.964,5.385,4.509,0.088,0.062,0.031,0,46.7,5.7,143,7,2.3,7.8,0.001
2014-03-24,12.7,8.1,12.7,4.1,7.7,8.6,590,5.176,4.87,4.031,0.084,0.075,0.035,0,45.2,5.4,9,2,2.1,7.7,0.001
2014-04-01,15.3,7.8,11.4,2.7,6.6,7.2,498,4.703,4.484,3.595,0.087,0.053,0.022,0.003,28.1,4.8,29,1,1.2,9.6,0.001
2014-04-07,15.5,8,11.1,4.1,7,8.2,474,4.608,3.889,3.16,0.032,0.066,0.032,0.005,39.6,4.8,18,1,1.6,9.6,0.001
2014-04-14,14.7,8.7,10.9,2.7,6.3,4.6,369,4.026,3.469,2.751,0.067,0.049,0.024,0.003,20.8,4.4,2,0,1.2,11.7,0.001
2014-04-21,15.1,8.1,9.8,2.6,6.2,5.2,421,3.725,3.654,2.758,0.101,0.053,0.024,0.006,13.8,4,25,6,1,11.2,0.001
2014-04-30,15.9,7.6,8.2,2.6,6.9,33.7,440,3.761,3.75,3.018,0.187,0.093,0.039,0.018,21.8,4.4,2575,275,1,1.6,0.001
2014-05-07,16.9,7.5,8.8,1.3,6,9.2,297,3.606,3.596,1.66,0.343,0.074,0.048,0.03,8.5,4.2,68,6,2.2,12.7,0.001
2014-05-12,18.4,7.6,9.2,1.7,5.2,6.8,308,3.413,3.328,2.456,0.237,0.066,0.044,0.023,8.5,4.1,60,1,1.9,10.6,0.001
2014-05-19,19.4,7.9,10.4,2.9,7.7,8.6,368,3.431,3.274,2.534,0.15,0.056,0.02,0.005,42.9,4.9,18,2,1.2,9.5,0.001
2014-05-26,20.7,7.9,7.5,1.6,6.3,3,393,3.949,3.279,2.379,0.181,0.043,0.022,0.008,11.2,3.5,36,0,1.6,6.3,509
2014-06-02,21.6,7.7,8.2,1.5,6.4,3,438,3.488,3.397,2.518,0.126,0.035,0.022,0.004,7.4,4,22,1,1.4,1.5,4715
2014-06-09,22.6,7.9,6.5,1.4,6.2,3.6,474,3.417,3.415,2.476,0.149,0.041,0.02,0.009,4.5,3.7,75,2,0.9,1.8,16959
2014-06-16,23.3,8.2,8.5,3.4,7.5,6.2,505,3.474,3.303,2.428,0.106,0.04,0.017,0.005,14.2,4.2,91,1,0.9,7.8,34746
2014-06-23,23.8,8.6,9.2,2.8,7.8,4.6,437,2.966,2.828,1.922,0.164,0.041,0.022,0.008,9,4.4,29,5,1.5,0.7,297331
2014-06-30,24.7,8.1,7.2,2.9,7.1,2.6,463,2.928,2.924,1.792,0.457,0.045,0.032,0.015,5.4,5.2,99,3,1.3,5.4,10699
2014-07-07,25.3,8,7,1.8,6.4,6.2,375,2.446,2.227,1.45,0.259,0.078,0.047,0.028,21.5,5,243,50,0.4,0,21880
2014-07-14,25.8,8,5.7,3.5,5.7,3.8,416,2.437,2.366,1.52,0.337,0.064,0.039,0.021,11.1,4.9,55,6,1.1,10.1,10307
2014-07-21,26.2,8,5.1,2.2,5.9,3.4,360,2.254,2.119,1.24,0.131,0.076,0.062,0.047,4.9,4,81,20,1.7,7.7,10710
2014-07-28,27.7,8.9,7.2,4.3,7.7,5.2,386,1.953,1.751,1.08,0.045,0.067,0.035,0.008,22.6,4.8,23,0,1.1,2.8,19595
2014-08-04,25.6,7.7,7.4,2.4,8.3,17.4,320,2.382,2.066,1.33,0.211,0.123,0.072,0.05,17.2,4.6,3775,348,1.2,0,89835
2014-08-11,25.6,7.5,7.3,2.4,6.8,18,306,2.856,2.693,1.68,0.372,0.117,0.069,0.052,16.1,4.1,3525,196,1.1,7.4,17115
2014-08-28,23.2,7.4,9.5,1.6,8.2,14.7,164,3.202,3.17,2.52,0.108,0.134,0.107,0.086,4.9,5.1,2200,800,0.6,0.6,970
2014-09-01,23.6,7.7,9.3,1.8,7.2,8,185,3.194,3.024,2.56,0.034,0.104,0.072,0.065,16.2,4.8,475,79,1.1,7.7,250
2014-09-11,24.8,7.5,8.7,1,7.4,4,275,3.484,3.3,2.74,0.075,0.08,0.068,0.047,7.1,5.3,45,1,0.9,9.2,175
2014-09-15,24.6,7.4,8.7,2.7,7.3,3.8,285,3.383,3.29,2.65,0.044,0.074,0.051,0.034,11.7,5.3,2,1,0.8,4.1,21010
2014-09-22,23.9,7.5,9.1,2.2,7.6,5,310,3.344,3.329,2.61,0.015,0.062,0.036,0.021,18.6,5.4,3,2,0.9,9.9,13105
2014-09-29,22.9,7.2,8.3,0.9,6,9.2,288,3.192,3.087,2.22,0.181,0.099,0.074,0.059,5.9,4,535,180,0.7,0,1610
2014-10-06,21.2,7.2,7.9,1.4,5.8,6.4,280,3.136,2.793,2.16,0.041,0.097,0.076,0.063,7,3.8,230,33,1.7,9.6,455
2014-10-14,19.4,7.8,8.2,0.9,5.4,5.6,311,2.753,2.643,2.13,0.029,0.077,0.057,0.04,12.9,3.8,97,8,0.7,6.7,1710
2014-10-20,18.5,8.5,10.9,1.9,6.1,8,347,2.848,2.727,2.16,0.039,0.061,0.021,0.007,40.8,4.2,24,2,0.5,0,8575
2014-10-27,17.1,8,11.4,1.1,6.2,10.6,287,2.83,2.623,2.17,0.079,0.067,0.023,0.007,28.9,3.9,580,165,1.1,8.7,195
2014-11-03,15.7,7.8,11.1,1.1,6,9.6,346,3.406,3.282,2.38,0.067,0.079,0.045,0.035,21.4,3.7,960,161,1.9,9.2,0.001
2014-11-10,14.2,7.5,10.4,1.8,6.5,7.4,228,3.061,2.893,1.9,0.059,0.097,0.069,0.052,18,4,375,17,0.7,8.1,0.001
2014-11-17,12.1,8.9,14.2,4.1,8.1,14.8,272,3.289,2.79,2.35,0.124,0.075,0.014,0,97.4,4.3,32,2,1.2,7.2,195
2014-11-24,11.3,9.1,15,3,7.1,7.6,309,3.293,3.077,2.48,0.024,0.042,0.012,0,55,4.6,120,2,1.2,0,0.001
2014-12-02,10.2,8.8,13.1,3.5,6.9,10.2,404,4.199,3.941,3.23,0.064,0.052,0.016,0.007,63.2,4.6,925,47,1.9,8.3,0.001
2014-12-09,7.2,8.8,13,3.2,6.6,8.6,331,3.291,3.031,2.57,0.052,0.047,0.013,0,48.7,4.2,123,6,0.9,8.1,0.001
2014-12-15,5.8,8.8,13.4,2,6,4.2,344,3.707,3.395,2.64,0.068,0.038,0.014,0.005,19.5,3.8,20,0,0.6,2.7,0.001
2014-12-22,4.1,8.6,13.9,2.3,5.7,3,357,4.518,4.473,2.83,0.08,0.035,0.015,0.005,9.6,3.6,15,0,1.5,3.2,0.001
2014-12-29,3.4,8.8,14.6,2,5.6,3.2,396,3.795,3.721,2.85,0.061,0.033,0.012,0.004,13.1,3.9,7,0,0.9,7.3,0.001
2015-01-19,3.1,8.2,15.7,1.6,5.7,3.6,451,4.967,4.514,4.152,0.101,0.031,0.012,0,10.6,4,2,0,2,5.3,0.001
2015-01-26,3.7,8,14.2,2.3,6,4.2,420,4.434,4.346,4.185,0.14,0.034,0.014,0,20,4.2,31,0,0.6,2.1,0.001
2015-02-02,3.7,8,14,2.6,6.1,4.8,426,4.353,4.267,1.659,0.148,0.034,0.012,0.005,23.2,4.2,3,0,0.9,8.7,0.001
2015-02-09,4.1,8.1,14.5,2.8,6.5,6.6,471,4.704,4.611,3.661,0.187,0.042,0.015,0,27.8,4.5,16,0,1.8,8.9,0.001
2015-02-16,4.2,8.3,14.9,3.7,6.6,7.4,443,4.432,4.281,3.419,0.082,0.037,0.014,0.01,31.1,4.7,11,0,0.4,0,0.001
2015-02-23,5.2,8.2,14.6,5,7.3,7.4,503,5.522,4.733,3.667,0.12,0.05,0.017,0,30.6,4.8,36,4,1.2,6.9,0.001
2015-03-02,5.7,8.3,14.3,3,6.9,7,456,4.671,4.579,3.611,0.152,0.041,0.015,0,26.9,4.7,14,0,1.2,10.4,0.001
2015-03-09,6.9,8.1,13.4,3.1,6.6,4.8,385,5.144,4.912,3.216,0.127,0.031,0.011,0.004,15.6,4.3,4,0,2.4,8.6,0.001
2015-03-16,6.9,8.6,14.2,4,7.4,7.6,415,4.107,3.78,3.112,0.042,0.036,0.013,0,29.1,5.3,8,0,0.9,9.5,0.001
2015-03-23,10.3,7.9,12.7,2.9,7.1,10.2,476,4.498,4.135,3.765,0.206,0.064,0.018,0.003,39.8,4.9,1230,69,2.1,11.5,0.001
2015-03-30,11.2,8.4,14.1,2.6,7.2,10.4,333,3.549,3.513,2.657,0.084,0.049,0.017,0.003,30.1,4.6,23,0,2.1,10.3,0.001
2015-04-06,12.5,8,11,2.4,6.3,6.6,370,3.581,3.544,2.646,0.105,0.047,0.022,0.004,20.1,4,250,7,1,0,0.001
2015-04-13,13.3,7.9,11,2.5,6.3,6.2,386,3.507,3.337,2.602,0.055,0.047,0.02,0.006,29.8,4,42,1,2.4,0,0.001
2015-04-20,14.1,8.1,11.3,2.5,6.9,8.2,373,3.371,3.297,2.492,0.061,0.05,0.017,0.003,36.2,3.8,77,4,1.4,0,0.001
2015-04-27,15.7,7.8,11.1,3.2,6.8,6.6,336,3.195,2.928,2.404,0.16,0.042,0.018,0.004,24.6,3.9,125,7,1.7,11.7,193
2015-05-04,18.4,8.2,10.6,1.8,6.4,6.6,288,2.82,2.606,2.071,0.088,0.029,0.008,0,23.5,3.5,159,88,1.9,10.4,72
2015-05-11,18.7,7.9,8.1,1.7,6.2,5.2,352,2.724,2.607,2.238,0.091,0.025,0.01,0,21.1,3.6,44,2,1.1,2.7,484
2015-05-18,20.8,8.3,7.9,1.5,6,2.8,363,2.514,2.406,2.247,0.08,0.044,0.028,0.004,3.8,3.3,19,1,0.8,0,0.001
2015-05-26,21.9,8.3,9.6,2.3,7.1,3.8,388,2.418,2.319,1.851,0.091,0.049,0.041,0.006,18.1,3.9,3,1,1,13.2,687
2015-06-01,23.2,8.3,8.3,2.9,7.4,6.4,394,2.181,2.132,1.595,0.106,0.059,0.033,0.006,15.6,4.3,19,0,1.3,12,833
2015-06-08,22.9,8.2,6.7,1.7,7.1,4,434,2.444,2.287,1.676,0.136,0.045,0.034,0.007,16,3.9,80,15,1,1.2,7651
2015-06-15,23.4,8.4,7.8,1.5,7,3.6,491,2.36,2.328,1.744,0.152,0.058,0.04,0.01,8.2,4.5,58,3,1.6,2.8,65024
2015-06-22,23.9,8.8,10.1,1.9,7.6,5.4,486,2.311,2.134,1.536,0.087,0.074,0.038,0.009,10.5,5.1,44,1,1.5,8.7,79115
2015-06-29,24.7,8.4,7.5,2.9,7.4,5.4,430,2.464,2.322,1.456,0.18,0.057,0.037,0.02,23.9,5.1,116,7,1.1,5.5,57548
2015-07-07,25.2,9,10.3,3.8,8.4,9,385,1.948,1.856,1.109,0.141,0.05,0.022,0.003,39.7,5.5,25,3,0.7,0,46925
2015-07-14,23.5,7.5,8,1.1,6.5,13.2,250,2.895,2.775,2.028,0.251,0.092,0.087,0.061,6.9,4.5,2075,140,1.9,9.8,891
2015-07-20,24.7,7.8,7.4,1.4,6.1,4.2,283,2.785,2.608,1.986,0.257,0.07,0.06,0.027,9.7,4.1,45,6,1.1,0,7560
2015-07-27,25.8,8.2,7.8,4,7.6,4.8,293,2.709,2.408,1.816,0.093,0.055,0.043,0.022,24.3,4.8,13,13,1.2,6.4,33985
2015-08-03,26.4,7.8,4.2,2.1,7.3,3.8,341,3.314,3.246,1.799,0.136,0.074,0.061,0.032,8.4,4.9,62,7,2.3,11.8,34607
2015-08-10,29.5,8.6,8,2.5,7.6,5.2,348,1.985,1.83,1.238,0.044,0.055,0.022,0.003,9.7,4.5,18,1,0.9,2.7,45176
2015-08-17,28.4,8.6,6.1,2.2,8.1,6,393,2.201,1.944,1.338,0.017,0.08,0.062,0.017,14.3,4.7,42,9,1.2,8.9,101495
2015-08-24,27.1,7.6,3.6,2,7.4,4.8,428,2.725,2.696,2.083,0.093,0.099,0.088,0.079,3.7,4.4,40,10,1.2,0,22938
2015-08-31,26.2,7.4,6.2,2,7,4,395,2.746,2.621,1.771,0.246,0.08,0.073,0.055,6.5,3.9,43,7,0.8,5.5,37126
2015-09-07,25.3,7.6,7,2.6,7.8,9.2,339,2.761,2.552,1.566,0.116,0.075,0.06,0.053,12.4,4.3,55,48,1.4,6.5,61942
2015-09-14,24.2,7.9,7.8,2.4,7.6,7.4,384,2.711,2.493,1.891,0.049,0.053,0.042,0.02,24.5,4.7,115,2,0.8,10.3,47261
2015-09-21,23.5,7.9,7.5,2.5,8.8,8.8,397,2.79,2.512,1.613,0.032,0.055,0.031,0.015,40,5.1,11,1,0.8,10.2,34649
2015-09-30,23.3,8.6,10.3,1.9,8.3,6.4,384,2.311,2.164,1.48,0.028,0.07,0.03,0.009,23,4.6,5,1,0.6,0.7,129952
2015-10-05,21.8,8.3,8.3,1.9,7.9,6.2,422,2.349,2.139,1.367,0.025,0.054,0.026,0.01,14.2,4.3,20,2,0.9,9.5,43148
2015-10-12,20.6,8.2,7.7,1.8,7.6,6.8,468,2.669,2.49,1.157,0.11,0.041,0.024,0.013,8.1,4.5,44,1,1.4,6.7,19838
2015-10-19,19.8,8.4,8.6,2.1,7.8,4.8,580,3.213,3.048,2.266,0.066,0.037,0.023,0.005,13.4,5.2,30,6,0.7,9.5,18243
2015-10-26,19.5,8.3,8.6,1,7.4,2.2,585,3.072,3.062,2.236,0.131,0.031,0.029,0.011,7,4.9,30,0,1,7.6,22706
2015-11-02,17,8.5,9.4,2.1,7.6,4.8,556,2.851,2.838,2.117,0.122,0.038,0.023,0.01,11.1,4.4,38,1,1.2,7.6,22804
2015-11-09,16.1,8.4,9.4,1.1,7,4.6,530,2.918,2.903,1.99,0.153,0.036,0.03,0.016,11.4,4.9,159,11,1,2.2,6442
2015-11-16,15.6,7.9,8.2,2,7.3,4.2,579,3.263,3.242,2.329,0.273,0.044,0.038,0.021,10.1,4.6,94,15,0.3,0,5631
2015-11-23,14.6,7.7,8.4,1.2,6.2,3.8,595,3.786,3.658,2.493,0.345,0.046,0.039,0.019,6.6,4.2,14,1,0.5,0,2022
2015-11-30,12.5,7.8,9.7,1.5,6.5,4.6,527,2.967,2.862,1.93,0.291,0.047,0.036,0.019,11.3,4,79,1,1.1,7.3,1747
2015-12-07,10.3,8,10.8,1.2,6.4,4.2,489,3.6,3.53,1.966,0.194,0.028,0.018,0.011,11.1,4,15,1,0.7,7.3,2158
2015-12-14,9.8,8.1,11.9,0.8,6.6,4.4,515,2.805,2.755,2.082,0.098,0.021,0.016,0.004,13,4.1,22,7,0.3,0,9013
2015-12-21,7.8,8.1,12.9,1.2,6.2,3.2,555,3.478,3.205,2.358,0.06,0.021,0.018,0,12.3,4,42,1,0.7,3.6,30659
2015-12-28,7,8.2,13.5,1.2,6.3,4.4,571,3.42,3.416,2.633,0.057,0.021,0.015,0,14.6,3.8,18,1,1.3,8.1,2350
2016-01-04,6.1,8.2,14.8,3.8,6.6,2.8,594,3.562,3.552,2.846,0.08,0.027,0.023,0,15.7,4.2,10,0,0.8,8.1,848
2016-01-11,5.1,7.9,14,1.3,6.1,3,599,3.723,3.687,2.907,0.094,0.021,0.017,0,13.4,4.2,11,0,0.9,7.7,113
2016-01-18,4.6,7.8,12.2,1.9,6.2,3,561,3.696,3.657,3.01,0.096,0.021,0.016,0.004,10.9,4.2,8,0,2.4,6.6,0.001
2016-02-15,4.5,8.4,13.6,3.1,6.8,6,593,4.282,4.273,3.177,0.068,0.026,0.015,0.005,19.5,5.1,32,1,2.2,9.3,0.001
2016-02-22,4.6,8.3,14.3,3.1,7.6,5.8,700,5.203,5.013,3.915,0.114,0.029,0.017,0.004,20.6,5.3,13,0,0.5,1,0.001
2016-02-29,5.4,8.3,14.1,3,7.3,6,687,4.84,4.824,3.719,0.109,0.024,0.018,0.003,12.7,5.1,36,0,2.2,6.2,0.001
2016-03-07,7.5,7.9,13.3,3,8.2,11.8,749,6.207,6.02,3.974,1.142,0.034,0.022,0.006,22.1,5.8,153,15,1.2,4.7,0.001
2016-03-14,8.8,7.7,12.5,3.3,7.3,7,495,4.639,4.484,2.838,0.647,0.05,0.024,0.006,27.7,5.3,79,0,1.2,9.4,0.001
2016-03-21,9.8,8,12.2,3.7,7.8,6.6,426,4.105,3.729,2.854,0.177,0.064,0.029,0.005,32.8,5.1,124,1,1.2,9.9,0.001
2016-03-28,10.1,7.8,11.3,3.2,7.6,5.4,484,4.124,3.869,2.985,0.169,0.038,0.024,0.004,24,4.9,43,1,1.3,11.5,12
2016-04-04,12.3,8.2,12.7,2.5,6.7,4.6,521,3.471,3.342,2.902,0.128,0.035,0.02,0,14,4.3,118,2,1,0,0.001
2016-04-11,14.8,7.6,10.3,3.1,7.2,6.8,577,4.006,3.812,2.956,0.337,0.078,0.027,0.004,23.7,4.9,110,5,2.2,0.2,35
2016-04-18,15.6,7.8,10.2,3.1,6.9,11.2,356,3.394,3.29,2.644,0.108,0.063,0.032,0.009,29.4,5.3,710,64,2.1,7.5,20
2016-04-25,16.7,7.8,10.9,2.4,6.8,7,402,3.138,3.1,2.555,0.148,0.05,0.025,0.009,15.5,4.3,228,15,1,11.6,66
2016-05-02,17.2,7.7,9.9,2.4,6.4,8.8,362,3.098,2.888,2.358,0.213,0.049,0.023,0.008,23.6,4.9,241,5,2.1,7,0.001
2016-05-09,18.2,8.1,10,2.3,7,7.8,316,2.693,2.684,2.143,0.053,0.038,0.026,0.003,34.2,4.8,450,3,0.9,0.8,281
2016-05-16,19.7,8.3,9.4,2.3,6.3,5,322,2.482,2.395,1.817,0.051,0.041,0.024,0,17.2,4,285,7,2.1,10,324
2016-05-23,21.5,8.3,8.8,1.9,6.7,3,352,2.599,2.535,1.948,0.123,0.03,0.023,0.006,3.1,4.4,4300,0,1.4,12.2,9200
2016-05-30,21.9,7.9,6.3,2,6.6,2.8,360,2.625,2.506,1.911,0.193,0.032,0.026,0.013,10,4.4,30,3,1.1,12.9,14269
2016-06-07,23.3,8.5,8.7,1.8,7.7,4.4,384,2.56,2.399,1.796,0.217,0.029,0.017,0.005,10.3,5.7,22,0,0.8,4.7,45085
2016-06-13,23.9,8,6.7,1.3,7.5,3,425,2.622,2.497,1.805,0.253,0.034,0.021,0.008,8,4.8,47,6,1.4,7.5,53863
2016-06-20,24.8,7.9,6.7,1.6,6.7,2.4,459,2.635,2.431,1.737,0.376,0.039,0.031,0.017,5.9,4.7,62,2,0.9,3.3,27570
2016-06-27,25.5,8.2,7.7,2.5,6.8,2.4,427,2.411,2.314,1.635,0.226,0.041,0.028,0.009,8.6,4.8,58,5,0.9,3.2,21364
2016-07-04,24.5,7.5,7.5,4.7,6.7,13.6,345,1.842,1.655,1.179,0.345,0.069,0.036,0.03,22.3,4.6,1270,126,0.3,0,2287
2016-07-11,24.1,7.2,9.1,1.3,9.3,24,164,3.199,3.03,2.696,0.166,0.136,0.086,0.085,3.5,6.1,6250,218,0.7,0,850
2016-07-18,25.8,7.3,7.1,1.8,8.1,12,201,3.334,3.174,2.492,0.081,0.113,0.08,0.078,11,5.6,450,9,0.9,11.1,1223
2016-07-25,26.6,7.5,6.1,1.8,7.6,6,250,3.254,3.057,2.509,0.077,0.088,0.069,0.063,8.2,5.7,96,2,0.8,5.1,645
2016-08-01,28.8,7.7,5.5,1.2,7.2,4.8,298,3.443,3.275,2.546,0.093,0.082,0.063,0.045,9.1,5.5,420,17,0.8,9.9,1057
2016-08-08,29.8,7.7,4,1.9,6.8,6,358,3.353,3.169,2.402,0.078,0.062,0.049,0.04,19.5,5.5,116,13,1,9.9,15295
2016-08-17,30.6,8.5,7,2.1,8.7,8,330,3.007,2.488,1.886,0.037,0.07,0.025,0.011,29.1,5.9,900,19,1.2,6.2,164000
2016-08-22,30.6,8.4,6.6,2.1,7.6,6,329,2.574,2.38,1.486,0.044,0.047,0.024,0.008,16.9,5.9,213,62,1.1,10.5,309800
2016-08-29,27.7,8,5.9,3.3,7.6,9.2,379,2.311,2.152,1.372,0.228,0.05,0.044,0.037,14.6,5.7,470,26,1.4,8.9,19569
2016-09-05,23.1,7.3,7.3,1.7,7.2,13.2,284,3.672,3.572,2.621,0.384,0.105,0.071,0.062,17.1,5.7,1800,193,0.7,3.1,668
2016-09-12,24.9,7.8,8.4,2.4,7.4,11.6,270,2.864,2.453,1.937,0.052,0.075,0.043,0.029,39.2,5.5,760,96,0.8,3.1,16645
2016-09-21,21.3,7.2,8.6,1.7,7.9,10,215,2.689,2.619,2.014,0.136,0.091,0.079,0.066,6,5.4,3700,650,0.9,5.4,1171
2016-09-26,22.1,7.6,8.7,1.6,7.4,6.4,235,2.982,2.906,2.455,0.033,0.064,0.05,0.047,13.6,5,490,88,0.5,0.2,1740
2016-10-04,22.2,7.5,7.8,1.4,8.2,6.4,282,3.19,3.064,2.493,0.025,0.053,0.035,0.03,24,5.4,1320,21,1.3,4.7,833
2016-10-10,20,7.4,10,1.1,7.9,5.2,228,2.913,2.83,2.258,0.126,0.083,0.065,0.055,19.1,5.7,2700,168,0.7,5.1,1058
2016-10-17,18.9,7.5,9.9,1.8,7.1,7.2,225,2.775,2.705,2.332,0.013,0.059,0.046,0.043,21.5,4.8,6900,285,0.7,6.2,614
2016-10-24,18.6,7.6,9.9,1.4,7.3,4.4,293,3.129,2.973,2.7,0.022,0.053,0.028,0.022,27.8,4.5,430,23,0.8,7.6,1086
2016-10-31,16.8,7.9,10.5,1.5,7.1,7.6,295,3.144,2.995,2.615,0.011,0.036,0.017,0.01,40.9,4.9,183,6,0.6,0,202
2016-11-07,14.8,8.8,13.5,1.9,8.2,12.8,325,3.025,2.812,2.267,0.017,0.024,0.005,0,100.7,6.1,100,4,0.7,6,272
2016-11-14,13.7,8.4,11.7,1,6.2,3.6,357,3.244,3.119,2.492,0.046,0.02,0.013,0.004,6.8,4.5,118,1,0.5,0,1405
2016-11-21,13.2,7.9,10.4,1.2,6.3,2.4,385,3.45,3.267,2.644,0.046,0.019,0.011,0.004,8.2,4.4,168,1,0.5,0.8,316
2016-11-28,10,7.7,10.6,0.9,6.1,4.8,394,3.339,3.269,2.739,0.051,0.019,0.018,0.006,5.8,4.5,128,2,0.8,6.4,354
2016-12-05,8.8,8,11.9,1.3,6,5.6,405,3.419,3.287,2.797,0.029,0.016,0.01,0,12.4,4.6,85,1,1.2,6.3,1207
2016-12-12,7.3,8.1,12.7,1.8,6.9,4.2,467,3.681,3.572,3.007,0.037,0.022,0.009,0,16.9,4.6,42,0,0.5,2.2,687
2016-12-19,6.1,7.9,11.5,1.6,5.8,1.6,434,3.616,3.519,2.926,0.026,0.021,0.011,0,10.5,4,20,0,0.3,0,2020
2016-12-26,6.6,7.9,12.3,2,6.6,4,483,3.786,3.698,3.161,0.035,0.031,0.011,0,17.1,4.3,185,2,0.9,0,238
2017-01-02,5.7,7.9,12.8,2.3,7,5.2,501,4.017,3.907,3.295,0.102,0.036,0.017,0,23,4.3,240,10,1,6,0.001
2017-01-09,5.9,7.8,13.2,1.9,6.5,5,444,3.689,3.544,2.865,0.142,0.029,0.015,0.003,23.2,4.4,68,1,2,7.3,153
2017-01-16,3.9,8.2,13.4,2.2,6,4,433,3.54,3.468,3.119,0.043,0.023,0.011,0,23,3.7,145,1,1,8.4,0.001
2017-01-23,3.5,8.2,14.1,2.1,6.5,3.8,458,3.887,3.848,3.25,0.025,0.027,0.014,0,21.3,4.2,49,0,1.9,8.7,0.001
2017-01-31,3.3,8.1,13.5,2,6.3,2.6,477,3.757,3.707,3.286,0.043,0.021,0.016,0,18.3,4.3,21,0,0.8,8.7,0.001
2017-02-06,3.6,8,13.4,2.1,6.2,2.4,454,3.607,3.571,3.049,0.07,0.02,0.011,0,14.8,4.2,12,1,1.8,9.2,0.001
2017-02-13,3.4,8.1,13,2,6,5.6,487,3.93,3.771,3.243,0.089,0.022,0.009,0,17.7,4.1,4,0,0.9,7.7,0.001
2017-02-21,5.3,7.1,14.8,2.3,7,8,451,4.615,4.52,3.638,0.27,0.026,0.014,0.003,28.7,5.3,660,1,0.8,9.8,0.001
2017-02-27,6.1,8,13.8,2.7,7.7,7.2,561,4.478,4.252,3.701,0.106,0.029,0.012,0,31.1,5,143,1,1.1,8.9,0.001
2017-03-07,7.2,8.1,13.6,2.5,7.2,8.2,555,4.505,4.355,3.613,0.116,0.035,0.015,0,37.3,5.5,73,1,2.1,10.2,0.001
2017-03-13,8.2,8,14,3.7,8,7.6,539,4.133,3.876,3.328,0.195,0.041,0.013,0,43.2,5.8,52,0,1.1,8.8,0.001
2017-03-20,9.5,8.3,14,3.6,7,7,504,3.951,3.658,3.187,0.027,0.032,0.013,0,31.2,5.2,41,1,0.6,0.9,0.001
2017-03-27,10.7,8.1,12.3,2.7,6.7,4.4,528,3.883,3.714,3.222,0.053,0.029,0.014,0,13,4.6,105,1,1.3,6.9,0.001
2017-04-03,12.2,8.2,12.3,2.9,7.2,4.6,557,4.045,3.715,3.229,0.03,0.039,0.018,0.003,23.1,4.6,86,0,1.7,11.9,0.001
2017-04-10,13.8,7.9,11.8,3.1,6.6,6.4,526,3.929,3.609,2.88,0.096,0.048,0.014,0,32,5.1,530,3,2.4,8.5,0.001
2017-04-18,15.6,8,10,2.2,5.8,1.6,450,3.307,3.038,2.451,0.09,0.034,0.018,0,12.7,4.1,2100,20,2,7.5,0.001
2017-04-24,16.4,7.9,9.8,1.8,5.8,5.6,416,2.92,2.907,2.352,0.06,0.04,0.017,0.003,15.4,4.1,930,5,2.2,12.1,0.001
2017-05-02,17.8,7.6,7.8,1.8,5.3,1.6,429,3.493,2.777,2.317,0.156,0.024,0.02,0.008,2.5,3.9,410,1,1.1,11.7,0.001
2017-05-08,19.2,8,9,2,6,3.2,406,2.696,2.562,2.012,0.04,0.026,0.015,0,12.6,3.8,2150,4,1.1,6,0.001
2017-05-15,19.6,8,8.2,1.5,5.4,3.6,420,2.458,2.295,1.896,0.069,0.027,0.015,0.004,10.9,3.8,1280,1,2.3,11.3,0.001
2017-05-22,20.5,8,7.7,1.8,5.6,2.8,461,2.918,2.54,2.024,0.097,0.024,0.013,0,8.4,3.4,5750,1,1.4,13.1,42
2017-05-29,22.3,7.9,6.5,1.6,6.4,3,492,3.008,2.881,1.872,0.189,0.055,0.022,0.011,7.7,4.6,540,1,1.6,12.8,254
2017-06-05,23.8,8.5,9.3,2.7,7.3,5.6,525,2.7,2.428,1.782,0.072,0.032,0.018,0,21.9,5,520,1,1.7,11.3,50515
2017-06-12,24,8.8,11.6,3.2,8.5,6.4,564,2.461,2.254,1.613,0.082,0.037,0.017,0,29.7,6.4,5000,60,1.4,6,204220
2017-06-19,24.3,8.4,7.9,1.3,6.8,3.6,541,2.266,2.046,1.386,0.182,0.044,0.018,0.004,9.2,5,128,1,1.5,12.3,123570
2017-06-26,25.3,8.5,7.5,1.9,7.5,7.2,496,2.125,1.945,1.197,0.232,0.054,0.029,0.015,15,5.9,2350,88,1,0.8,68200
2017-07-03,26.4,8.4,7.9,2.9,7.9,7.4,574,2.965,2.515,1.645,0.233,0.103,0.044,0.027,22.5,5.6,153,5,2.1,3.8,107598
2017-07-10,27.8,7.9,9,2.3,6.7,7.4,323,1.434,1.381,0.783,0.131,0.049,0.03,0.022,28.2,4.9,243,57,2.6,1.4,7275
2017-07-17,27.9,7.4,5.8,2.3,8.9,41,226,2.467,2.321,1.55,0.112,0.079,0.039,0.032,22.6,5.7,218,57,1.4,2.9,9000
2017-07-24,29.1,8.1,9.5,2.5,6.7,9.6,251,2.168,2.019,1.414,0.054,0.062,0.02,0.007,36.8,4.9,100,16,0.9,5.9,46309
2017-07-31,27.2,7.5,8.4,1.4,5.9,12.6,232,2.484,2.266,1.685,0.115,0.074,0.042,0.039,13.8,4,400,122,0.9,0,1728
2017-08-07,27.8,7.9,10.2,2.1,8.3,11.8,188,2.43,2.148,1.549,0.017,0.082,0.052,0.038,24,6.3,278,20,1.2,12,2977
2017-08-16,26,7.4,7.8,2.1,8.1,39.8,245,3.09,2.886,2.051,0.257,0.097,0.066,0.064,11.7,6,13000,610,1.1,4.8,135
2017-08-21,26.4,7.5,8.8,1.1,6.1,9.4,247,2.889,2.849,2.091,0.097,0.066,0.062,0.053,7.9,4.2,10300,176,0.7,1.7,209
2017-08-28,27.1,8,9.8,1.6,6.8,9,231,2.838,2.676,2.125,0.035,0.065,0.043,0.036,17.9,4.9,220,14,1.1,8.3,1400
2017-09-04,26,8.6,10.3,1.9,6.9,6.8,265,2.731,2.541,2.115,0.025,0.05,0.024,0.016,28.8,4.4,80,3,0.7,6.4,8380
2017-09-12,24.8,8.4,9.3,2.3,7.7,11.2,305,2.701,2.467,1.941,0.045,0.059,0.024,0.009,34.2,5.1,890,7,0.8,9.4,20600
2017-09-18,23.5,8.3,9.5,1.6,6.8,8.6,337,2.686,2.493,1.936,0.062,0.042,0.023,0.012,34.6,4.8,78,1,1.1,10,8629
2017-09-25,23.5,8.5,10.9,2,7.3,10.2,308,2.048,2.025,1.507,0.025,0.05,0.028,0,45.3,5.1,133,1,0.7,8.5,8660
2017-10-10,22,8.5,11.9,2.4,6.8,8.8,349,2.46,2.263,1.731,0.032,0.034,0.014,0.003,39.4,4.5,92,0,0.9,7.2,20346
2017-10-16,19.9,8.3,11,1.5,6.2,7.2,337,2.229,2.174,1.618,0.023,0.029,0.011,0.005,27.1,3.9,216,0,0.9,0.4,9329
2017-10-23,18.6,8.3,9,1.2,6,7,394,2.965,2.885,2.193,0.026,0.03,0.014,0.005,19,3.9,114,0,1.1,9.5,11345
2017-10-30,17.5,8.7,10.7,1.5,6.5,6.8,374,3.046,2.527,1.612,0.027,0.029,0.016,0,27.1,4.2,98,0,0.9,9.4,8176
2017-11-06,15.4,8.8,11.6,2.2,6.4,6.6,396,3.095,2.702,1.786,0.019,0.039,0.019,0,28.6,4.2,90,1,0.7,8.9,6190
2017-11-13,14,8.7,11.1,1.8,6.6,5.2,423,3.127,2.998,1.912,0.029,0.034,0.007,0,19.5,3.9,80,0,0.6,5.6,7521
2017-11-20,11.2,8.1,10.4,1.2,5.9,1.6,501,3.552,3.323,2.347,0.066,0.029,0.02,0.007,5,3.6,100,0,1.1,8.6,3573
2017-11-27,9,7.8,11.2,1.1,6,2.4,535,3.997,3.89,2.761,0.078,0.033,0.022,0.005,5.3,3.8,112,0,0.5,8.2,612
2017-12-04,7.5,7.9,11.9,1.5,6.6,3,549,3.865,3.856,2.697,0.056,0.029,0.02,0,7.3,4.1,118,1,1.5,7,360
2017-12-11,5.8,7.8,10.3,1.9,6.3,4,540,4.498,4.276,2.635,0.028,0.022,0.013,0,11.4,4.4,82,3,2.5,7.3,112
2017-12-18,3.4,7.8,12.3,2.6,6.5,6.8,601,4.809,4.759,3.096,0.045,0.023,0.011,0,19.9,4.5,11,0,1.1,5.7,256
2017-12-26,4.6,7.8,13.4,1.9,6.4,5.4,607,5.688,4.602,3.206,0.139,0.018,0.007,0,12.4,4.3,20,0,1.8,6.7,200
2018-01-02,4.3,7.7,13.8,2,5.8,5.8,578,4.544,4.469,3.114,0.261,0.026,0.013,0,13.9,4.2,4,2,0.9,5.5,156
2018-01-08,3.5,7.6,14.6,1.9,6.3,7.4,598,5.126,4.974,3.377,0.324,0.03,0.02,0,20.7,4.9,11,2,0.9,0,0.001
2018-01-15,3.7,7.7,14.6,2.1,6.4,7.4,579,4.398,4.295,3.26,0.338,0.034,0.013,0,19.4,4.8,7,0,1.2,8.4,0.001
2018-01-22,5.5,7.9,13.8,2,6.4,7.2,581,5.397,5.151,3.503,0.182,0.028,0.011,0,25.4,5,5,0,1.3,5,59
2018-01-29,1.5,7.8,14.9,2.2,6.4,6.2,595,5.74,5.5,3.746,0.21,0.031,0.012,0,20.5,4.8,2,1,1.8,8.8,0.001
2018-02-05,2.3,8.1,15.3,2.3,7,6.6,694,5.371,5.171,4.383,0.219,0.023,0.007,0,30.4,5.2,3,0,2.1,8.8,0.001
2018-02-12,3.9,8,14.5,3.4,7.6,6.4,679,5.138,4.866,4.266,0.14,0.029,0.015,0,37.7,5.5,1,0,2.3,6.1,0.001
2018-02-19,3.1,8.2,15,2.3,7,8.6,629,4.82,4.585,3.871,0.129,0.029,0.008,0,28.9,5.2,1,0,0.9,7.2,35
2018-02-26,5,8.3,14.4,4.5,9,7.4,629,4.775,4.632,4.024,0.11,0.035,0.013,0,27,7,0,0,1,10.3,0.001
2018-03-06,7.1,8,13.4,2.5,7.3,10.2,591,4.741,4.638,3.567,0.251,0.029,0.013,0,36.6,5.4,200,11,1.4,10.6,0.001
2018-03-12,7.5,8,14.8,3.3,7.8,15.8,442,4.037,3.707,2.857,0.368,0.05,0.013,0,70,6.2,1030,76,1.5,10.4,0.001
2018-03-20,9.6,7.9,12.4,3.4,7.9,18.8,371,3.806,3.588,3.007,0.102,0.044,0.011,0.003,44.2,5.5,3550,18,5,3.3,0.001
2018-03-26,10.7,8,13.8,3.6,8.4,15.8,327,4.077,3.781,3.199,0.079,0.047,0.022,0.004,61.4,6.5,124,5,1.4,11.6,90
2018-04-02,12.6,8.7,15.7,3.8,7.8,8.8,329,3.94,3.644,3.102,0.018,0.049,0.018,0.003,32.8,6.1,30,0,1.9,9.7,194
2018-04-09,12.4,7.7,14.8,2.9,6.2,12.2,291,3.511,3.374,2.736,0.169,0.052,0.019,0.003,31.3,5.1,2400,256,1.2,11.5,293
2018-04-16,14.2,8.3,16.3,2.6,8.5,9.2,286,3.794,3.66,3.127,0.024,0.054,0.016,0,40.8,5.1,450,12,1.1,9.8,172
2018-04-24,15.3,7.9,10.8,3.1,7.5,9.6,286,3.337,3.161,2.539,0.051,0.039,0.012,0.003,39.7,4.9,13000,770,1.7,0,109
2018-04-30,17.3,8.5,13.7,3,7.4,12.4,264,3.499,3.338,2.78,0.023,0.029,0.01,0,62.1,5.8,244,9,2,10.6,1153
2018-05-08,17.6,8.2,10.1,2.4,6.7,16.4,282,2.986,2.849,2.381,0.04,0.033,0.012,0,52.9,5.2,700,100,2.7,0.6,254
2018-05-14,18.9,8.4,10.5,2.1,6.2,7.2,293,2.808,2.678,2.174,0.063,0.024,0.013,0,24.1,5.1,2550,7,1.2,11.6,39
2018-05-23,21.3,7.9,9,1.2,6.1,10.2,293,2.952,2.899,2.262,0.079,0.026,0.016,0.007,12.1,4.8,25500,5,1.4,10.5,129
2018-05-28,21.6,8.3,8.7,1.5,5.6,3.6,308,2.994,2.786,2.125,0.073,0.02,0.012,0.006,9.7,4.5,24250,2,1.4,7.8,1665
2018-06-04,24.1,8.4,8.6,1.6,5.8,2.8,340,2.626,2.484,1.945,0.095,0.03,0.018,0,9.4,4.5,40750,4,1.4,8.9,3327
2018-06-11,24.5,8.3,8.4,1.8,6.3,4,376,2.917,2.732,1.998,0.109,0.027,0.014,0.003,21.2,4.9,13000,5,1.2,0.6,4925
2018-06-18,24,8.2,7.7,2.1,6.4,3.2,394,2.757,2.656,1.9,0.127,0.027,0.02,0.006,16.9,4.5,28000,1,1.5,10.4,12294
2018-06-25,26,9,12.4,3.1,7.8,6.8,406,2.434,2.287,1.592,0.037,0.028,0.018,0,22.4,5.6,13500,17,1.2,10,74297
2018-07-06,22.1,7.1,8.2,2,9.4,45.6,165,3.074,2.956,2.326,0.145,0.135,0.092,0.083,8.6,7.2,82000,2750,1.1,0,57
2018-07-09,22.1,7.2,8.8,1.3,8.8,23.2,188,3.216,3.208,2.559,0.128,0.11,0.094,0.09,6.4,6.6,68000,2700,0.7,0,118
2018-07-16,26,7.7,9.6,2.2,8.8,12.8,239,3.537,3.264,2.529,0.049,0.082,0.049,0.044,15.7,6.4,230000,98,1.5,12,1064
2018-07-23,28.6,8,6.5,1.6,8.1,6.4,267,2.911,2.679,2.136,0.091,0.041,0.027,0.015,15.8,5.9,46000,1420,1.2,11.9,9958
2018-07-30,31.2,9.1,10.2,3.5,10.4,13.2,292,2.319,2.199,1.599,0.018,0.038,0.022,0.004,57.2,6.8,2750,29,1.5,6.1,250000
2018-08-06,31.1,9.4,11.1,3,12.1,18.8,319,1.814,1.635,1.057,0.023,0.036,0.024,0,59.5,8.2,1110,28,1.2,8.2,245500
2018-08-13,30.2,9.3,8.5,3.8,10.1,15.3,401,2.034,1.939,1.219,0.039,0.103,0.063,0.013,63,6.7,10000,620,1.3,11.2,221500
2018-08-20,29,9,8.8,2.8,9.8,16,375,2.149,2.143,1.47,0.049,0.068,0.049,0.008,52.6,7.7,154000,1000,1.5,12,236000
2018-08-28,24.7,7.3,7.3,3.9,7.7,33,221,2.576,2.531,1.79,0.173,0.121,0.091,0.082,17.5,5.8,390000,7200,1.2,8.2,4640
2018-09-03,24.2,7.3,9,1.7,6.3,9.2,189,2.75,2.734,2.12,0.089,0.095,0.076,0.069,7.9,4.6,81000,3350,0.5,0,822
2018-09-10,22.8,7,8.9,0.9,6.4,9.6,172,2.598,2.565,1.984,0.08,0.101,0.082,0.078,4.7,4.3,31000,430,1.6,11,512
2018-09-17,23,7.2,9.1,1.2,6.4,6.8,216,2.776,2.68,2.269,0.036,0.089,0.07,0.064,9.4,4.6,25000,740,0.7,6.4,1321
2018-09-27,21.5,7.1,9.4,1.4,5.7,16,255,2.976,2.941,2.228,0.114,0.081,0.072,0.068,6.4,4.3,18750,410,1.4,10.5,631
2018-10-01,21.2,7.1,9.6,1,5.3,8,255,3.01,2.926,2.283,0.054,0.073,0.062,0.057,8.2,4.2,44000,148,2.1,7.8,874
2018-10-15,17.4,6.8,14,1.3,7.7,18.8,194,2.785,2.747,2.07,0.118,0.094,0.071,0.064,7.2,5.7,17750,910,0.8,8.5,250
2018-10-22,16.8,7.2,11.1,1.7,7.4,16,244,2.8,2.751,2.252,0.027,0.057,0.035,0.031,13.4,6,3850,158,0.7,5.6,0.001
2018-10-29,15.8,7,10.7,1.4,7.6,7.6,269,3.047,3.025,2.403,0.031,0.041,0.033,0.02,17.7,5.3,4850,49,1.2,5.8,338
2018-11-05,14.3,7.6,12.3,1.6,7.4,9.6,311,3.368,3.155,2.69,0.02,0.033,0.021,0.007,32.2,5.4,16000,60,0.6,9.1,677
2018-11-12,14.2,7.6,10.4,1.5,7.4,10,323,3.278,3.222,2.542,0.034,0.032,0.019,0.004,33.2,5.2,12250,110,1,6.6,534
2018-11-19,12.8,8.1,7.6,2,7.8,12.8,354,3.307,3.226,2.489,0.026,0.019,0.011,0,53.7,5.7,2850,23,0.8,8.4,209
2018-11-26,10.4,7.7,12.5,1.4,6.5,10.8,386,3.477,3.472,2.966,0.017,0.032,0.012,0,26.8,4.9,4450,21,0.7,5.9,101
2018-12-03,9.6,7.7,13.4,1.8,5.7,8.8,430,3.775,3.698,3.193,0.029,0.031,0.012,0,29.7,4.1,650,17,0.5,0.5,1132
2018-12-10,6.7,7.2,12.5,1.5,5.4,8,462,3.738,3.604,3.189,0.044,0.031,0.012,0,17.2,3.9,1310,24,0.8,8.2,209
2018-12-17,4.7,7.2,14.5,2.2,5.5,10.4,430,3.492,3.256,2.938,0.066,0.035,0.013,0,24,4.1,760,10,1.1,5.5,165
2018-12-24,5.9,7.4,13.8,2.4,5.7,10.4,489,4.186,3.93,3.54,0.09,0.036,0.012,0,19.2,3.4,800,14,0.8,7.9,52
